format,count
html,198115
com,166770
org,114828
js,44778
pytho,41453
md,36048
751,32177
linke,22348
css,18778
018,16132
998,16112
dev,12855
vuejs,12554
042,12081
io,11473
mozil,11174
githu,10475
25,9275
png,8886
83,8456
span,8393
95,8388
tiang,8339
unico,7714
13,7586
svg,6606
es,6109
react,5985
json,5669
mjs,5058
npmjs,5025
micro,4807
toolt,4763
hwlpp,4760
sh,4718
tgz,4307
eleme,4305
5rem,4294
py,4248
002,4190
25a,4042
25a3,4021
5a3,4021
vuesc,4009
10,3971
types,3455
12,3111
defau,3101
11,2995
69,2966
datas,2958
app,2953
parse,2936
mdx,2910
reque,2824
push,2793
palle,2461
get,2456
path,2434
125re,2407
net,2378
w3,2238
proto,2217
verce,2195
creat,2143
handl,2138
zip,2126
webp,2120
ts,2067
775,2030
275,2022
042l,2017
5a2,2016
5a1,2015
messa,2015
95l,2012
83l,2010
042zm,2010
64a1,2010
95l2,2010
83z,2010
rende,2003
query,2001
cooki,1992
code,1984
log,1968
25rem,1951
mock,1933
pdf,1923
txt,1914
conte,1810
confi,1774
remov,1732
abc,1725
14,1717
wikip,1690
22,1652
jpg,1629
paren,1628
pyobj,1607
