ngram,count
docs queued,114942
github com,73679
https github,72701
spec queued,60628
https www,52170
python lang,47177
lang spec,47177
python org,41463
fastapi docs,37638
https docs,33184
react docs,32908
docs python,27524
linkedin com,22386
span cspan,21699
vue docs,21494
hardhat docs,21191
ecmascript spec,21175
www linkedin,20619
cspan class,19142
org library,16912
org api,16641
org docs,16199
facebook react,14684
vuejs org,14262
link this,14139
null classname,13675
com jobs,13485
html index,13122
trk public,13077
jsx components,12961
nodejs org,12330
https nodejs,12310
public jobs,12039
docs web,11917
com facebook,11541
mozilla org,11173
https developer,11113
developer mozilla,10886
https vuejs,10755
this definition,10741
classname token,10055
link guide,9509
static chunks,9477
default export,9418
web javascript,9309
unicode org,8972
com python,8824
children null,8790
dir auto,8696
tiangolo com,8471
span classname,8416
components span,8387
react dev,8284
https fastapi,8185
fastapi tiangolo,8151
url https,7807
spec done,7707
react pull,7476
python cpython,7452
you can,7311
for the,7172
class kos,7168
kos span,7168
min width,6765
jobs view,6704
position pagenum,6704
pagenum refid,6704
jobs trk,6695
with the,6633
component src,6620
children jsx,6588
items center,6544
width css,6411
link https,6399
linkster link,6342
https ecma,6173
breaking changes,6144
media min,6143
www unicode,6142
sys type,6125
width height,5994
type linktype,5885
jobs linkster,5839
com company,5829
https react,5822
www python,5807
items text,5667
text link,5637
cpython issues,5632
guide essentials,5562
docs done,5546
href https,5545
typescript docs,5507
style color,5379
whatsnew html,5353
com vuejs,5323
link api,5316
color var,5298
token punctuation,5257
ecmascript language,5230
key type,5202
jobs jserp,5145
jserp result,5145
search card,5145
card subtitle,5140
job search,5137
result job,5127
com docs,5099
punctuation children,5043
experimental experimental,5031
githubusercontent com,4999
all html,4962
api all,4862
html all,4832
microsoft com,4803
html sec,4791
python python,4788
margin bottom,4771
null children,4760
method library,4748
javascript reference,4740
the same,4733
html python,4703
from the,4666
classname flex,4597
html prod,4580
esm mjs,4573
cspan style,4566
and the,4563
export esm,4552
tla esm,4533
null label,4458
type link,4406
await import,4395
org reports,4369
api reference,4298
data structures,4229
npmjs org,4170
https registry,4150
registry npmjs,4145
anchor null,4082
conversational conversational,4072
javascript data,4067
href docs,4036
var shiki,4028
for example,4022
https fblog,4004
fblog vueschool,3986
composition api,3963
hwlppn tooltipped,3944
font size,3943
enabled value,3916
tarball https,3879
integrity sha,3879
date rel,3878
typescript typescript,3877
ago dist,3877
keyid sha,3877
dist shasum,3875
signatures sig,3875
blob main,3855
stdtypes html,3825
render com,3815
tsx component,3804
link anchor,3794
org whatsnew,3786
issues python,3771
changelog html,3753
http www,3743
src templates,3743
the following,3732
null type,3725
flex items,3701
div null,3686
html module,3679
org typescript,3655
whatsnew changelog,3620
jobs https,3604
webkit box,3598
ftp python,3598
org ftp,3595
sha bwswu,3595
bwswu pjjokcgh,3595
pjjokcgh lhqae,3595
lhqae kza,3595
bottom rem,3568
https avatars,3565
docs handbook,3530
link examples,3527
avatars githubusercontent,3516
line height,3495
syntax error,3470
next static,3469
use the,3452
import default,3443
index python,3427
fastapi pull,3405
org issue,3371
bugs python,3337
reference global,3327
